true\predicted,Apple___Apple_scab,Apple___Black_rot,Apple___Cedar_apple_rust,Apple___healthy,Blueberry___healthy,Cherry_(including_sour)___Powdery_mildew,Cherry_(including_sour)___healthy,Corn_(maize)___Cercospora_leaf_spot Gray_leaf_spot,Corn_(maize)___Common_rust_,Corn_(maize)___Northern_Leaf_Blight,Corn_(maize)___healthy,Grape___Black_rot,Grape___Esca_(Black_Measles),Grape___Leaf_blight_(Isariopsis_Leaf_Spot),Grape___healthy,Orange___Haunglongbing_(Citrus_greening),Peach___Bacterial_spot,Peach___healthy,"Pepper,_bell___Bacterial_spot","Pepper,_bell___healthy",Potato___Early_blight,Potato___Late_blight,Potato___healthy,Raspberry___healthy,Soybean___healthy,Squash___Powdery_mildew,Strawberry___Leaf_scorch,Strawberry___healthy,Tomato___Bacterial_spot,Tomato___Early_blight,Tomato___Late_blight,Tomato___Leaf_Mold,Tomato___Septoria_leaf_spot,Tomato___Spider_mites Two-spotted_spider_mite,Tomato___Target_Spot,Tomato___Tomato_Yellow_Leaf_Curl_Virus,Tomato___Tomato_mosaic_virus,Tomato___healthy
Apple___Apple_scab,126,0,0,0,0,0,0,0,0,0,0,0,0,0,0,0,0,0,0,0,0,0,0,0,0,0,0,0,0,0,0,0,0,0,0,0,0,0
Apple___Black_rot,0,124,0,0,0,0,0,0,0,0,0,0,0,0,0,0,0,0,0,0,0,0,0,0,0,0,0,0,0,0,0,0,0,0,0,0,0,0
Apple___Cedar_apple_rust,0,0,55,0,0,0,0,0,0,0,0,0,0,0,0,0,0,0,0,0,0,0,0,0,0,0,0,0,0,0,0,0,0,0,0,0,0,0
Apple___healthy,0,0,0,329,0,0,0,0,0,0,0,0,0,0,0,0,0,0,0,0,0,0,0,0,0,0,0,0,0,0,0,0,0,0,0,0,0,0
Blueberry___healthy,0,0,0,0,300,0,0,0,0,0,0,0,0,0,0,0,0,0,0,0,0,0,0,0,0,0,0,0,0,0,0,0,0,0,0,0,0,0
Cherry_(including_sour)___Powdery_mildew,0,0,0,0,0,210,0,0,0,0,0,0,0,0,0,0,0,0,0,0,0,0,0,0,0,0,0,0,0,0,0,0,0,0,0,0,0,0
Cherry_(including_sour)___healthy,0,0,0,0,0,0,169,0,0,0,0,0,0,0,0,0,0,0,0,0,0,0,0,0,0,1,0,0,0,0,0,0,0,0,0,0,0,0
Corn_(maize)___Cercospora_leaf_spot Gray_leaf_spot,0,0,0,0,0,0,0,93,0,9,0,0,0,0,0,0,0,0,0,0,0,0,0,0,0,0,0,0,0,0,0,0,0,0,0,0,0,0
Corn_(maize)___Common_rust_,0,0,0,0,0,0,0,0,238,0,0,0,0,0,0,0,0,0,0,0,0,0,0,0,0,0,0,0,0,0,0,0,0,0,0,0,0,0
Corn_(maize)___Northern_Leaf_Blight,0,0,0,0,0,0,0,11,0,186,0,0,0,0,0,0,0,0,0,0,0,0,0,0,0,0,0,0,0,0,0,0,0,0,0,0,0,0
Corn_(maize)___healthy,0,0,0,0,0,0,0,0,0,0,232,0,0,0,0,0,0,0,0,0,0,0,0,0,0,0,0,0,0,0,0,0,0,0,0,0,0,0
Grape___Black_rot,0,0,0,0,0,0,0,0,0,0,0,235,1,0,0,0,0,0,0,0,0,0,0,0,0,0,0,0,0,0,0,0,0,0,0,0,0,0
Grape___Esca_(Black_Measles),0,0,0,0,0,0,0,0,0,0,0,2,274,0,0,0,0,0,0,0,0,0,0,0,0,0,0,0,0,0,0,0,0,0,0,0,0,0
Grape___Leaf_blight_(Isariopsis_Leaf_Spot),0,0,0,0,0,0,0,0,0,0,0,0,0,215,0,0,0,0,0,0,0,0,0,0,0,0,0,0,0,0,0,0,0,0,0,0,0,0
Grape___healthy,0,0,0,0,0,0,0,0,0,0,0,0,0,0,84,0,0,0,0,0,0,0,0,0,0,0,0,0,0,0,0,0,0,0,0,0,0,0
Orange___Haunglongbing_(Citrus_greening),0,0,0,0,1,0,0,0,0,0,0,0,0,0,0,1100,0,0,0,0,0,0,0,0,0,0,0,0,0,0,0,0,0,0,0,0,0,0
Peach___Bacterial_spot,0,0,0,0,0,0,0,0,0,0,0,0,0,0,0,0,459,0,0,0,0,0,0,0,0,0,0,0,0,0,0,0,0,0,0,0,0,0
Peach___healthy,0,0,0,0,0,0,0,0,0,0,0,0,0,0,0,0,0,72,0,0,0,0,0,0,0,0,0,0,0,0,0,0,0,0,0,0,0,0
"Pepper,_bell___Bacterial_spot",0,0,0,0,0,0,0,0,0,0,0,0,0,0,0,0,0,0,199,0,0,0,0,0,0,0,0,0,0,0,0,0,0,0,0,0,0,0
"Pepper,_bell___healthy",0,0,0,0,0,0,0,0,0,0,0,0,0,0,0,0,0,0,0,294,0,0,0,0,0,0,0,0,0,1,0,0,0,0,0,0,0,0
Potato___Early_blight,0,0,0,0,0,0,0,0,0,0,0,0,0,0,0,0,0,0,0,0,200,0,0,0,0,0,0,0,0,0,0,0,0,0,0,0,0,0
Potato___Late_blight,0,0,0,0,0,0,0,0,0,0,0,0,0,0,0,0,0,0,0,0,0,195,0,0,0,0,0,0,0,0,5,0,0,0,0,0,0,0
Potato___healthy,0,0,0,0,0,0,0,0,0,0,0,0,0,0,0,0,0,0,0,1,0,0,29,0,0,0,0,0,0,0,0,0,0,0,0,0,0,0
Raspberry___healthy,0,0,0,0,0,0,0,0,0,0,0,0,0,0,0,0,0,0,0,0,0,0,0,74,0,0,0,0,0,0,0,0,0,0,0,0,0,0
Soybean___healthy,0,0,0,0,0,0,0,0,0,0,0,0,0,0,0,0,0,0,0,0,0,0,0,0,1018,0,0,0,0,0,0,0,0,0,0,0,0,0
Squash___Powdery_mildew,0,0,0,0,0,0,0,0,0,0,0,0,0,0,0,0,0,0,0,0,0,0,0,0,0,367,0,0,0,0,0,0,0,0,0,0,0,0
Strawberry___Leaf_scorch,0,0,0,0,0,0,0,0,0,0,0,0,0,0,0,0,0,0,0,0,0,0,0,0,0,0,221,0,0,0,0,0,0,0,0,0,0,0
Strawberry___healthy,0,0,0,0,0,0,0,0,0,0,0,0,0,0,0,0,0,0,0,0,0,0,0,0,0,0,0,91,0,0,0,0,0,0,0,0,0,0
Tomato___Bacterial_spot,0,0,0,0,0,0,0,0,0,0,0,0,0,0,0,0,0,0,0,0,0,0,0,0,0,0,0,0,421,2,0,0,0,0,2,0,0,0
Tomato___Early_blight,0,0,0,0,0,0,0,0,0,0,0,0,0,0,0,0,0,0,0,0,0,0,0,0,0,0,0,0,1,192,1,0,2,0,4,0,0,0
Tomato___Late_blight,0,0,0,0,0,0,0,0,0,0,0,0,0,0,1,0,0,0,0,0,0,0,0,0,0,0,0,0,2,3,374,1,0,0,0,0,0,0
Tomato___Leaf_Mold,0,0,0,0,0,0,0,0,0,0,0,0,0,0,0,0,0,0,0,0,0,0,0,0,0,0,0,0,0,0,0,190,0,0,0,0,0,0
Tomato___Septoria_leaf_spot,0,0,0,0,0,0,0,0,0,0,0,0,0,0,0,0,0,0,0,0,0,0,0,0,0,0,0,0,0,0,0,1,353,0,0,0,0,0
Tomato___Spider_mites Two-spotted_spider_mite,0,0,0,0,0,0,0,0,0,0,0,0,0,0,0,0,0,0,0,0,0,0,0,0,0,0,0,0,0,0,0,0,0,334,1,0,0,0
Tomato___Target_Spot,0,0,0,0,0,0,0,0,0,0,0,0,0,0,0,0,0,0,0,0,0,0,0,0,0,0,0,0,0,2,0,0,1,7,270,0,0,0
Tomato___Tomato_Yellow_Leaf_Curl_Virus,0,0,0,0,0,0,0,0,0,0,0,0,0,0,0,0,0,0,0,0,0,0,0,0,0,0,0,0,0,0,0,0,0,0,0,1071,0,0
Tomato___Tomato_mosaic_virus,0,0,0,0,0,0,0,0,0,0,0,0,0,0,0,0,0,0,0,0,0,0,0,0,0,0,0,0,0,0,0,0,0,0,0,0,74,0
Tomato___healthy,0,0,0,0,0,0,0,0,0,0,0,0,0,0,0,0,0,0,0,0,0,0,0,0,0,0,0,0,0,0,0,0,0,0,0,0,0,318
